Classical,Andalusian classical music
Classical,Indian classical music
Classical,Korean court music
Classical,Persian classical music
Classical,Western classical music
Classical,Early music
Classical,Medieval music
Classical,Ars antiqua
Classical,Ars nova
Classical,Ars subtilior
Classical,Renaissance music
Classical,Baroque music
Classical,Galant music
Classical,Classical period
Classical,Romantic music
Classical,20th centuries classical music
Classical,21st centuries classical music
Classical,Modernism
Classical,Impressionism
Classical,Neoclassicism
Classical,High modernism
Classical,Postmodern music
Classical,Experimental music
Classical,Contemporary classical music
Classical,Minimal music

Experimental,Crossover music
Experimental,Danger music
Experimental,Drone music
Experimental,Electroacoustic
Experimental,Industrial music
Experimental,Instrumental
Experimental,Lo-fi
Experimental,Musical improvisation
Experimental,Musique concrète
Experimental,Noise
Experimental,Outsider music
Experimental,PC Music
Experimental,Progressive music
Experimental,Psychedelic music
Experimental,Underground music

Blues,African blues
Blues,Blues rock
Blues,Blues shouter
Blues,British blues
Blues,Canadian blues
Blues,Chicago blues
Blues,Classic female blues
Blues,Contemporary R&B
Blues,Delta blues
Blues,Desert blues
Blues,Detroit blues
Blues,Electric blues
Blues,Gospel blues
Blues,Hill country blues
Blues,Hokum blues
Blues,Honky Tonk Blues
Blues,Jump blues
Blues,Kansas City blues
Blues,Louisiana blues
Blues,Memphis blues
Blues,New Orleans blues
Blues,Piedmont blues
Blues,Punk blues
Blues,Rhythm and blues
Blues,Doo-wop
Blues,Soul blues
Blues,St. Louis blues
Blues,Swamp blues
Blues,Talking blues
Blues,Texas blues
Blues,West Coast blues
Blues,Country blues

Country,Alternative country
Country,Cowpunk
Country,Americana
Country,Australian country
Country,Bakersfield sound
Country,Bluegrass
Country,Progressive bluegrass
Country,Reactionary bluegrass
Country,Classic country
Country,Country blues
Country,Country pop
Country,Country rap
Country,Country rock
Country,Cajun
Country,Cajun fiddle
Country,Christian country
Country,Close harmony
Country,Dansband
Country,Gothic country
Country,Hokum
Country,Honky-tonk country
Country,Instrumental country
Country,Nashville sound
Country,Neotraditional country
Country,New Mexico music
Country,Outlaw country
Country,Progressive country
Country,Red dirt
Country,Rockabilly
Country,Hellbilly
Country,Psychobilly
Country,Sertanejo
Country,Tejano
Country,Texas country
Country,Traditional country music
Country,Truck-driving country
Country,Western (Cowboy)
Country,Cowboy pop
Country,New Mexico
Country,Texas country
Country,Tejano
Country,Western swing
Country,Zydeco

Easy Listening,Adult contemporary music
Easy Listening,Adult standards
Easy Listening,Background music
Easy Listening,Elevator music (muzak)
Easy Listening,Barococo
Easy Listening,Beautiful music
Easy Listening,Chill-out
Easy Listening,Downtempo
Easy Listening,Furniture music
Easy Listening,Light music
Easy Listening,Lounge music
Easy Listening,Middle of the road
Easy Listening,New-age music
Easy Listening,Soft rock

Electronic,Ambient
Electronic,Ambient dub
Electronic,Dark ambient
Electronic,Ambient industrial
Electronic,Dungeon synth
Electronic,Drone
Electronic,Illbient
Electronic,New-age
Electronic,Andean new-age
Electronic,Neoclassical new-age
Electronic,Space music
Electronic,Reductionism
Electronic,Lowercase
Electronic,Onkyokei
Electronic,Bass music
Electronic,Footwork
Electronic,Future bass
Electronic,Kawaii future bass
Electronic,Jungle terror
Electronic,UK bass
Electronic,Wave
Electronic,Hardwave
Electronic,Breakbeat
Electronic,Acid breaks
Electronic,Baltimore club
Electronic,Jersey club
Electronic,Philly club
Electronic,Big beat
Electronic,Breakbeat hardcore
Electronic,4-beat
Electronic,Darkcore
Electronic,Hardcore breaks
Electronic,Broken beat
Electronic,Florida breaks
Electronic,Nu skool breaks
Electronic,Progressive breaks
Electronic,Psychedelic breakbeat
Electronic,Chill-out
Electronic,Downtempo
Electronic,Psybient
Electronic,Psydub
Electronic,Trip hop
Electronic,Trip rock
Electronic,Chopped and screwed
Electronic,Disco
Electronic,Afro/cosmic music
Electronic,Electro-disco
Electronic,Hi-NRG
Electronic,Eurobeat
Electronic,Eurodance
Electronic,Italo dance
Electronic,Italo disco
Electronic,Spacesynth
Electronic,Space disco
Electronic,Eurodisco
Electronic,Nu-disco
Electronic,Post-disco
Electronic,Boogie
Electronic,City pop
Electronic,Drum and bass
Electronic,Darkstep
Electronic,Drumfunk
Electronic,Drumstep
Electronic,Hardstep
Electronic,Intelligent drum and bass
Electronic,Atmospheric drum and bass
Electronic,Jazzstep
Electronic,Jump-up
Electronic,Liquid funk
Electronic,Neurofunk
Electronic,Sambass
Electronic,Techstep
Electronic,Dub
Electronic,Dub poetry
Electronic,Dubtronica
Electronic,Electroacoustic music
Electronic,Acousmatic music
Electronic,Electroacoustic improvisation
Electronic,Live electronics
Electronic,Musique concrète
Electronic,Soundscape
Electronic,Electronic dance music
Electronic,Dance music
Electronic,Dance-pop
Electronic,Music festival
Electronic,Electronic rock
Electronic,Dance-rock
Electronic,Alternative dance
Electronic,Madchester
Electronic,Baggy
Electronic,New rave
Electronic,Dance-punk
Electronic,Krautrock
Electronic,New wave
Electronic,Cold wave
Electronic,Dark wave
Electronic,Neoclassical dark wave
Electronic,Neue Deutsche Todeskunst
Electronic,New rave
Electronic,Ethereal wave
Electronic,Nu-gaze
Electronic,Minimal wave
Electronic,Neue Deutsche Welle
Electronic,New romantic
Electronic,New wave of new wave
Electronic,Sophisti-pop
Electronic,Synth-pop
Electronic,Dance-pop
Electronic,Disco polo
Electronic,Electroclash
Electronic,Electropop
Electronic,Hyperpop
Electronic,Post-rock
Electronic,Space rock
Electronic,Synth-metal
Electronic,Electronicore
Electronic,Synth-punk
Electronic,Electronica
Electronic,Folktronica
Electronic,Indietronica
Electronic,Jazztronica
Electronic,Laptronica
Electronic,Livetronica
Electronic,Progressive electronic
Electronic,Kosmische musik
Electronic,Ethnic electronica / regional EDM
Electronic,Asian underground
Electronic,African electronic dance music
Electronic,Afrobeats
Electronic,Azonto
Electronic,Coupé-décalé
Electronic,Kuduro
Electronic,Mahraganat
Electronic,Shangaan electro
Electronic,Budots
Electronic,Changa tuki
Electronic,Dancehall pop
Electronic,Funk carioca
Electronic,Funk ostentação
Electronic,Melodic funk
Electronic,Proibidão
Electronic,Rasteirinha
Electronic,Merenhouse
Electronic,Nortec
Electronic,Rabòday
Electronic,Rara tech
Electronic,Russ music
Electronic,Shamstep
Electronic,Tribal guarachero
Electronic,Worldbeat
Electronic,Manila sound
Electronic,Funk fusion genres
Electronic,Acid jazz
Electronic,Funktronica
Electronic,Synth-funk
Electronic,Jungle
Electronic,Ragga jungle
Electronic,Hardcore
Electronic,Bouncy techno
Electronic,Breakcore
Electronic,Digital hardcore
Electronic,Frenchcore
Electronic,Gabber
Electronic,Early hardcore
Electronic,Mainstream hardcore
Electronic,Happy hardcore
Electronic,UK hardcore
Electronic,Industrial hardcore
Electronic,J-core
Electronic,Lento violento
Electronic,Mákina
Electronic,Speedcore
Electronic,Extratone
Electronic,Flashcore
Electronic,Splittercore
Electronic,Hardstyle
Electronic,Dubstyle
Electronic,Jumpstyle
Electronic,Hauntology
Electronic,Chillwave
Electronic,Hypnagogic pop
Electronic,Synthwave
Electronic,Darksynth
Electronic,Sovietwave
Electronic,Vaporwave
Electronic,Dreampunk
Electronic,Future funk
Electronic,Hardvapour
Electronic,Mallsoft
Electronic,Seapunk
Electronic,Hip hop fusion genres
Electronic,Afroswing
Electronic,Alternative hip hop
Electronic,Hipster hop
Electronic,Cloud rap
Electronic,Crunk
Electronic,Crunkcore
Electronic,Snap music
Electronic,Electro
Electronic,Latin freestyle
Electronic,Emo rap
Electronic,Instrumental hip hop
Electronic,Lofi hip hop
Electronic,Miami bass
Electronic,Mumble rap
Electronic,Trap
Electronic,Afro trap
Electronic,Drill
Electronic,UK drill
Electronic,Latin trap
Electronic,Phonk
Electronic,Trap
Electronic,EDM
Electronic,UK trap
Electronic,House music
Electronic,Acid house
Electronic,Kwaito
Electronic,Afro house
Electronic,Afro tech
Electronic,Gqom
Electronic,Amapiano
Electronic,Kidandali
Electronic,Ambient house
Electronic,Balearic beat
Electronic,Ballroom
Electronic,Bass house
Electronic,Blog house
Electronic,Brazilian bass
Electronic,Slap house
Electronic,Chicago hard house
Electronic,Chicago house
Electronic,Deep house
Electronic,Disco house
Electronic,Diva house
Electronic,Hardbag
Electronic,Electro house
Electronic,Big room house
Electronic,Complextro
Electronic,Dutch house
Electronic,Fidget house
Electronic,Melbourne bounce
Electronic,Electro swing
Electronic,French house
Electronic,Funky house
Electronic,Future house
Electronic,Garage house
Electronic,Ghetto house
Electronic,Ghettotech
Electronic,Juke house
Electronic,Hip house
Electronic,Italo house
Electronic,Jazz house
Electronic,Latin house
Electronic,Melodic house
Electronic,Microhouse
Electronic,Moombahcore
Electronic,Moombahton
Electronic,Moombahsoul
Electronic,New Jersey sound
Electronic,Outsider house
Electronic,Progressive house
Electronic,Soulful house
Electronic,Tech house
Electronic,Tribal house
Electronic,Tropical house
Electronic,UK hard house
Electronic,Hard NRG
Electronic,Pumping house
Electronic,Hardbass
Electronic,Scouse house
Electronic,Industrial / post-industrial
Electronic,Deconstructed club
Electronic,Electro-industrial
Electronic,Dark electro
Electronic,Aggrotech
Electronic,Electronic body music (EBM)
Electronic,Futurepop
Electronic,New beat
Electronic,Industrial hip hop
Electronic,Industrial metal
Electronic,Cyber metal
Electronic,Neue Deutsche Härte
Electronic,Industrial rock
Electronic,Martial industrial
Electronic,Mid-tempo
Electronic,Lento violento
Electronic,Witch house
Electronic,Intelligent dance music (IDM)
Electronic,Drill 'n' bass
Electronic,Glitch
Electronic,Neo soul
Electronic,Nightcore
Electronic,Noise music
Electronic,Danger music
Electronic,Harsh noise
Electronic,Harsh noise wall
Electronic,Japanoise
Electronic,Noise pop
Electronic,Power electronics
Electronic,Death industrial
Electronic,Power noise
Electronic,Plunderphonics
Electronic,Sampledelia
Electronic,Techno
Electronic,Acid techno
Electronic,Ambient techno
Electronic,Birmingham sound
Electronic,Bleep techno
Electronic,Detroit techno
Electronic,Dub techno
Electronic,Hardtechno
Electronic,Free tekno
Electronic,Industrial techno
Electronic,Minimal techno
Electronic,Schaffel
Electronic,Toytown techno
Electronic,Tecno brega
Electronic,Trance music
Electronic,Acid trance
Electronic,Balearic trance
Electronic,Dream trance
Electronic,Eurotrance
Electronic,Goa trance
Electronic,Nitzhonot
Electronic,Hard trance
Electronic,Progressive trance
Electronic,Psychedelic trance
Electronic,Suomisaundi
Electronic,Tech trance
Electronic,Uplifting trance
Electronic,Vocal trance
Electronic,UK garage
Electronic,2-step garage
Electronic,Bassline
Electronic,Breakstep
Electronic,Dubstep
Electronic,Brostep
Electronic,Neurostep
Electronic,Post-dubstep
Electronic,Reggaestep
Electronic,Riddim
Electronic,Colour bass
Electronic,Future garage
Electronic,Grime
Electronic,Grindie
Electronic,Speed garage
Electronic,UK funky
Electronic,Funkstep
Electronic,Wonky
Electronic,Video game music
Electronic,Chiptune
Electronic,Bitpop
Electronic,Nintendocore
Electronic,Skweee
Electronic,Neno core

Folk,American folk revival
Folk,Americana
Folk,Anti-folk
Folk,British folk revival
Folk,Cajun music
Folk,Celtic music
Folk,Chalga
Folk,Corrido
Folk,Creole music
Folk,Filk
Folk,Folk noir
Folk,Folk rock
Folk,Folktronica
Folk,Celtic rock
Folk,Freak folk
Folk,Indie folk
Folk,Industrial folk
Folk,Mariachi
Folk,Ranchera
Folk,Neofolk
Folk,New Weird America
Folk,Progressive folk
Folk,Protest song
Folk,Psychedelic folk
Folk,Singer-songwriter
Folk,Nueva canción
Folk,Skiffle
Folk,Sung poetry
Folk,Tarantella/Pizzica
Folk,Traditional blues verses

Hip Hop,Hip Hop
Hip Hop,Alternative hip hop
Hip Hop,Hipster hop
Hip Hop,Beatboxing
Hip Hop,Boom bap
Hip Hop,Bounce
Hip Hop,British hip hop
Hip Hop,Road rap
Hip Hop,Chopped and screwed
Hip Hop,Chopper
Hip Hop,Classic hip hop
Hip Hop,Cloud rap
Hip Hop,Comedy hip hop
Hip Hop,Crunk
Hip Hop,Crunkcore
Hip Hop,Country rap
Hip Hop,East Coast hip hop
Hip Hop,Emo rap
Hip Hop,Freestyle rap
Hip Hop,G-funk
Hip Hop,Hardcore hip hop
Hip Hop,Dirty rap
Hip Hop,Gangsta rap
Hip Hop,Horrorcore
Hip Hop,Memphis rap
Hip Hop,Hip hop soul
Hip Hop,Hyphy
Hip Hop,Jerkin'
Hip Hop,Industrial hip hop
Hip Hop,Instrumental hip hop
Hip Hop,Jazz rap
Hip Hop,Latin hip hop
Hip Hop,Chicano rap
Hip Hop,Lofi hip hop
Hip Hop,Miami bass
Hip Hop,Mumble rap
Hip Hop,Nerdcore
Hip Hop,Chap hop
Hip Hop,New jack swing
Hip Hop,Political hip hop
Hip Hop,Conscious hip hop
Hip Hop,Pop rap
Hip Hop,Progressive rap
Hip Hop,Punk rap
Hip Hop,Rap opera
Hip Hop,Rap rock
Hip Hop,Rap metal
Hip Hop,Rapcore
Hip Hop,Christian hip hop
Hip Hop,Jewish hip hop
Hip Hop,Snap
Hip Hop,Southern hip hop
Hip Hop,Trap
Hip Hop,Drill
Hip Hop,Brooklyn drill
Hip Hop,UK drill
Hip Hop,Latin trap
Hip Hop,Phonk
Hip Hop,Tread
Hip Hop,Turntablism
Hip Hop,Underground hip hop
Hip Hop,West Coast hip hop

Jazz,Acid jazz
Jazz,Afro-Cuban jazz
Jazz,Alt-jazz
Jazz,Avant-garde jazz
Jazz,Bebop
Jazz,Big band
Jazz,Boogie-woogie
Jazz,Bossa nova
Jazz,Brazilian Jazz
Jazz,British dance band
Jazz,Cape jazz
Jazz,Chamber jazz
Jazz,Continental jazz
Jazz,Cool jazz
Jazz,Crossover jazz
Jazz,Dixieland
Jazz,Ethno jazz
Jazz,European free jazz
Jazz,Free funk
Jazz,Free improvisation
Jazz,Free jazz
Jazz,Gypsy jazz
Jazz,Hard bop
Jazz,Jazz blues
Jazz,Jazz-funk
Jazz,Jazz fusion
Jazz,Jazz noir
Jazz,Jazz rap
Jazz,Jazz rock
Jazz,Jazztronica
Jazz,Kansas City jazz
Jazz,Latin jazz
Jazz,Livetronica
Jazz,M-base
Jazz,Mainstream jazz
Jazz,Modal jazz
Jazz,Neo-bop jazz
Jazz,Neo-swing
Jazz,Nu jazz
Jazz,Orchestral jazz
Jazz,Post-bop
Jazz,Progressive jazz
Jazz,Punk jazz
Jazz,Samba-jazz
Jazz,Shibuya-kei
Jazz,Ska jazz
Jazz,Smooth jazz
Jazz,Soul jazz
Jazz,Straight-ahead jazz
Jazz,Stride jazz
Jazz,Swing
Jazz,Trad jazz
Jazz,Third stream
Jazz,Vocal jazz
Jazz,West Coast jazz

Pop,Adult contemporary
Pop,Adult hits
Pop,Ambient pop
Pop,Arabic pop music
Pop,Art pop
Pop,Avant-pop
Pop,Baroque pop
Pop,Beach music
Pop,Bedroom pop
Pop,Brill building
Pop,Britpop
Pop,Bubblegum pop
Pop,C-pop
Pop,Cantopop
Pop,Hokkien pop
Pop,Mandopop
Pop,Canción
Pop,Canzone
Pop,Chalga
Pop,Chamber pop
Pop,Chanson
Pop,Christian pop
Pop,Classic hits
Pop,Classical crossover
Pop,Contemporary hit radio
Pop,Country pop
Pop,Cringe pop
Pop,Dance-pop
Pop,Dark pop
Pop,Disco polo
Pop,Electropop
Pop,Europop
Pop,Austropop
Pop,Eurobeat
Pop,French pop
Pop,Italo dance
Pop,Italo disco
Pop,Laïkó
Pop,Nederpop
Pop,Neomelodic music
Pop,Nordic popular music
Pop,Russian pop
Pop,Fado
Pop,Folk pop
Pop,Hyperpop
Pop,Indie pop
Pop,Twee pop
Pop,Indian pop
Pop,Iranian pop
Pop,J-pop
Pop,Anime song
Pop,City pop
Pop,Shibuya-kei
Pop,Jangle pop
Pop,Jazz pop
Pop,K-pop
Pop,Korean hip hop
Pop,Korean rock
Pop,T'ong guitar
Pop,Trot
Pop,Latin ballad
Pop,Latin pop
Pop,Mexican pop
Pop,New Pop
Pop,New Romantic
Pop,Oldies
Pop,Rhythmic oldies
Pop,Operatic pop
Pop,OPM
Pop,Pinoy pop
Pop,Pop rap
Pop,Pop rock
Pop,Pop punk
Pop,Emo pop
Pop,Neon pop
Pop,Power pop
Pop,Soft rock
Pop,Surf pop
Pop,Yacht rock
Pop,Pop soul
Pop,Progressive pop
Pop,Psychedelic pop
Pop,Rebetiko
Pop,Rhythmic adult contemporary
Pop,Rhythmic contemporary
Pop,Schlager
Pop,Sophisti-pop
Pop,Space age pop
Pop,Sunshine pop
Pop,Swamp pop
Pop,Synth-pop
Pop,Teen pop
Pop,Traditional pop
Pop,Turbo-folk
Pop,Turkish pop
Pop,Urban adult contemporary
Pop,Urban contemporary music
Pop,Vispop
Pop,Wonky pop
Pop,Worldbeat
Pop,Yé-yé

R&B,Soul
R&B,Alternative R&B
R&B,Contemporary R&B
R&B,Disco
R&B,Freestyle
R&B,Go-go
R&B,Funk
R&B,Deep funk
R&B,Minneapolis Sound
R&B,Psychedelic funk
R&B,Synth-funk
R&B,Gospel music
R&B,Southern gospel
R&B,Urban contemporary gospel
R&B,New jack swing
R&B,Post-disco
R&B,Boogie
R&B,Rhythm and blues
R&B,Doo-wop
R&B,Soul
R&B,Blue-eyed soul
R&B,Brown-eyed soul
R&B,Cinematic soul
R&B,Classic soul
R&B,Hip hop soul
R&B,Neo soul
R&B,Northern soul
R&B,Progressive soul
R&B,Psychedelic soul
R&B,Quiet storm
R&B,Southern soul

Rock,Active rock
Rock,Adult album alternative
Rock,Adult-oriented rock
Rock,Afro rock
Rock,Album oriented rock
Rock,Alternative rock
Rock,Alternative dance
Rock,Britpop
Rock,Post-Britpop
Rock,Dream pop
Rock,Shoegaze
Rock,Blackgaze
Rock,Grunge
Rock,Post-grunge
Rock,Soft grunge
Rock,Indie rock
Rock,Dunedin sound
Rock,Kindie rock
Rock,Math rock
Rock,Midwest emo
Rock,Post-punk revival
Rock,Slacker rock
Rock,Madchester
Rock,Baggy
Rock,Noise pop
Rock,Sadcore
Rock,Slowcore
Rock,American rock
Rock,Anatolian rock
Rock,Arabic rock
Rock,Arena rock
Rock,Beat
Rock,British Invasion
Rock,Freakbeat
Rock,Mod (subculture)
Rock,Nederbeat
Rock,Blues rock
Rock,Boogie rock
Rock,Brazilian rock
Rock,Samba rock
Rock,British rhythm and blues
Rock,British rock music
Rock,Chamber pop
Rock,Chinese rock
Rock,Christian rock
Rock,Classic alternative
Rock,Classic rock
Rock,Comedy rock
Rock,Country rock
Rock,Dark cabaret
Rock,Death 'n' roll
Rock,Deathrock
Rock,Desert rock
Rock,Electronic rock
Rock,Electroclash
Rock,Electronicore
Rock,New wave
Rock,Cold wave
Rock,Dark wave
Rock,Ethereal wave
Rock,Emo
Rock,Experimental rock
Rock,Art rock
Rock,Industrial rock
Rock,Post-punk
Rock,Dance-punk
Rock,Dance-rock
Rock,Gothic rock
Rock,No wave
Rock,Noise rock
Rock,Post-rock
Rock,Post-metal
Rock,Folk rock
Rock,British folk rock
Rock,Celtic rock
Rock,Medieval folk rock
Rock,Funk rock
Rock,Garage rock
Rock,Proto-punk
Rock,Geek rock
Rock,Glam rock
Rock,Gothic rock
Rock,Pagan rock
Rock,Hard rock
Rock,Heartland rock
Rock,Heavy metal music
Rock,Indian rock
Rock,Iranian rock
Rock,Instrumental rock
Rock,Japanese rock
Rock,Jazz fusion
Rock,Jazz rock
Rock,Korean rock
Rock,Latin rock
Rock,Chicano rock
Rock,Rock en español
Rock,Rock music in Mexico
Rock,Mainstream rock
Rock,Mangue bit
Rock,Modern rock
Rock,Occult rock
Rock,Paisley Underground
Rock,Pop rock
Rock,Jangle pop
Rock,Power pop
Rock,Soft rock
Rock,Yacht rock
Rock,Progressive rock
Rock,Art rock
Rock,Avant-prog
Rock,Rock in Opposition
Rock,Canterbury scene
Rock,Flamenco rock
Rock,Krautrock
Rock,Neo-prog
Rock,New prog
Rock,Post-progressive
Rock,Progressive rock (radio format)
Rock,Proto-prog
Rock,Space rock
Rock,Symphonic Rock
Rock,Zeuhl
Rock,Psychedelic rock
Rock,Acid rock
Rock,Freak scene
Rock,Neo-psychedelia
Rock,Raga rock
Rock,Pub rock (Australia)
Rock,Pub rock (United Kingdom)
Rock,Punk rock
Rock,Rap rock
Rock,Rapcore
Rock,Reggae rock
Rock,Rock and roll
Rock,Rockabilly
Rock,Gothabilly
Rock,Hellbilly
Rock,Psychobilly
Rock,Rock music in France
Rock,Rock opera
Rock,Roots rock
Rock,Southern rock
Rock,Stoner rock
Rock,Swamp rock
Rock,Sufi rock
Rock,Surf rock
Rock,Tropical rock
Rock,Viking rock
Rock,Visual kei
Rock,Nagoya kei
Rock,Wizard rock
Rock,Worldbeat
Rock,World fusion

Metal,Alternative metal
Metal,Funk metal
Metal,Nu metal
Metal,Rap metal
Metal,Rapcore
Metal,Avant-garde metal
Metal,Drone metal
Metal,Post-metal
Metal,Black metal
Metal,Depressive suicidal black metal
Metal,Blackened death metal
Metal,Atmospheric black metal
Metal,Blackgaze
Metal,Melodic black metal
Metal,National Socialist black metal
Metal,Symphonic black metal
Metal,Viking metal
Metal,Christian metal
Metal,Unblack metal
Metal,Death metal
Metal,Death 'n' roll
Metal,Deathgrind
Metal,Melodic death metal
Metal,Technical death metal
Metal,Doom metal
Metal,Death-doom
Metal,Stoner-doom
Metal,Extreme metal
Metal,Folk metal
Metal,Celtic metal
Metal,Medieval metal
Metal,Pagan metal
Metal,Glam metal
Metal,Gothic metal
Metal,Industrial metal
Metal,Electronic metal
Metal,Kawaii metal
Metal,Latin metal
Metal,Math metal
Metal,Metalcore
Metal,Deathcore
Metal,Mathcore
Metal,Melodic metalcore
Metal,Progressive metalcore
Metal,Neoclassical metal
Metal,Neue Deutsche Härte
Metal,New wave of American heavy metal
Metal,New wave of British heavy metal
Metal,Nintendocore
Metal,Pirate metal
Metal,Pop metal
Metal,Power metal
Metal,Progressive metal
Metal,Djent
Metal,Sludge metal
Metal,Speed metal
Metal,Symphonic metal
Metal,Thrash metal
Metal,Crossover thrash
Metal,Groove metal

Punk,Afro-punk
Punk,Anarcho punk
Punk,Crust punk
Punk,D-beat
Punk,Art punk
Punk,Avant punk
Punk,Christian punk
Punk,Crust punk
Punk,Deathpunk
Punk,Deathrock
Punk,Electropunk
Punk,Cyberpunk
Punk,Dance-punk
Punk,Digital hardcore
Punk,Dreampunk
Punk,Synth punk
Punk,Folk punk
Punk,Celtic punk
Punk,Cowpunk
Punk,Gypsy punk
Punk,Scottish Gaelic punk
Punk,Garage punk
Punk,German punk
Punk,Glam punk
Punk,Gothic punk
Punk,Grindcore
Punk,Crustgrind
Punk,Electrogrind
Punk,Goregrind
Punk,Noisegrind
Punk,Pornogrind
Punk,Hardcore punk
Punk,Bardcore
Punk,Beatdown hardcore
Punk,Christian hardcore
Punk,Crabcore
Punk,Crunkcore
Punk,Electronicore
Punk,Krishnacore
Punk,Melodic hardcore
Punk,Positive hardcore
Punk,Post-hardcore
Punk,Queercore
Punk,Taqwacore
Punk,Emo
Punk,Emo pop
Punk,Screamo
Punk,Powerviolence
Punk,Street punk
Punk,Horror punk
Punk,Latino punk
Punk,Nazi punk
Punk,Oi!
Punk,Pop punk
Punk,Easycore
Punk,Neon pop
Punk,Post-punk
Punk,Dance-punk
Punk,Post-punk revival
Punk,Proto-punk
Punk,Psychobilly
Punk,Punkabilly
Punk,Punk blues
Punk,Punk jazz
Punk,Punk pathetique
Punk,Punk rap
Punk,Punk rock
Punk,Reggae punk
Punk,Riot grrrl
Punk,Ska punk
Punk,Skate punk
Punk,Street punk
Punk,Surf punk
Punk,Trallpunk

African,African heavy metal
African,African hip hop
African,African popular music
African,Afro pop
African,Afrobeat
African,Afrobeats
African,Afro house
African,Amapiano
African,Apala
African,Arabesque
African,Afro tech
African,Benga
African,Bikutsi
African,Bongo flava
African,Boomba
African,Bubu music
African,Cape jazz
African,Chaabi
African,Chalga
African,Chaoui music
African,Chimurenga
African,Congolese rumba
African,Coupé-Décalé
African,Fuji music
African,Genge
African,Gnawa
African,Gqom
African,Gumbe
African,Highlife
African,Hiplife
African,Igbo highlife
African,Igbo rap
African,Ikwokirikwo
African,Isicathamiya
African,Jit
African,Jùjú
African,Kadongo Kamu
African,Kizomba
African,Kuduro
African,Kwaito
African,Kwela
African,Lingala
African,Makossa
African,Maloya
African,Ma'luf
African,Marabi
African,Marrabenta
African,Mbalax
African,Mbaqanga
African,Mbube
African,Morna
African,Music of Egypt
African,Music of Nigeria
African,Ndombolo
African,Owerri Bongo
African,Ojapiano
African,Palm-wine
African,Raï
African,Rumba
African,Sakara
African,Sega
African,Seggae
African,Semba
African,Shangaan electro
African,Soukous
African,Kwassa kwassa
African,Taarab
African,Zamrock
African,Zouglou

Latin,Axé
Latin,Brazilian rock
Latin,Brega
Latin,Tecnobrega
Latin,Choro
Latin,Forró
Latin,Frevo
Latin,Funk carioca
Latin,Lambada
Latin,Zouk-Lambada
Latin,Maracatu
Latin,Música popular brasileira
Latin,Tropicalia
Latin,Música sertaneja
Latin,Samba
Latin,Pagode
Latin,Samba rock
Latin,Baithak Gana
Latin,Bouyon
Latin,Cadence-lypso
Latin,Calypso
Latin,Cha-cha-chá
Latin,Chutney
Latin,Chutney soca
Latin,Chutney parang
Latin,Compas
Latin,Dancehall
Latin,Mambo
Latin,Mento
Latin,Merengue
Latin,Méringue
Latin,Mozambique
Latin,Pichakaree
Latin,Punta
Latin,Punta rock
Latin,Rake & Scrape
Latin,Rasin
Latin,Reggae
Latin,Dub
Latin,Lovers rock
Latin,Ragga
Latin,Reggae fusion
Latin,Ragga jungle
Latin,Reggae rock
Latin,Reggaeton
Latin,Moombahton
Latin,Roots reggae
Latin,Rocksteady
Latin,Rumba
Latin,Salsa
Latin,Ska
Latin,Ska punk
Latin,Two-tone
Latin,Soca
Latin,Power soca
Latin,Son cubano
Latin,Songo
Latin,Timba
Latin,Twoubadou
Latin,Zouk
Latin,Boogaloo
Latin,Bullerengue
Latin,Flamenco
Latin,Cantes de ida y vuelta
Latin,Fandangos
Latin,Soleá
Latin,Alegrías
Latin,Bulerías
Latin,Peteneras
Latin,Tango
Latin,Toná
Latin,Martinetes
Latin,Tonás
Latin,Grupera
Latin,Hispanic rhythmic
Latin,Latin Christian
Latin,Latin pop
Latin,Latin ballad
Latin,Latin rock
Latin,Latin alternative
Latin,Rock en Español
Latin,Latin jazz
Latin,Afro-Cuban jazz
Latin,Bossa nova
Latin,Mariachi
Latin,Ranchera
Latin,Reggaeton
Latin,Latin trap
Latin,Regional Mexican
Latin,Banda
Latin,Norteño
Latin,Tango
Latin,Tropical
Latin,Bachata
Latin,Bolero
Latin,Criolla
Latin,Cumbia
Latin,Chicha
Latin,Porro
Latin,Guajira
Latin,Mambo
Latin,Merengue
Latin,Música popular (Colombia)
Latin,Rumba
Latin,Salsa
Latin,Salsa romántica
Latin,Son
Latin,Tejano
Latin,Timba
Latin,Tropipop
Latin,Urbano music
Latin,Vallenato


Asian,Shashmaqam
Asian,Pashto music
Asian,Kazakh folk music
Asian,Kyrgyz folk music
Asian,Mongolian folk music
Asian,Tuvan throat singing
Asian,Tajik folk music
Asian,C-pop
Asian,Cantopop
Asian,Hokkien pop
Asian,Mandopop
Asian,Chinese hip hop
Asian,Chinese folk music
Asian,Chinese rock
Asian,Hong Kong English pop
Asian,Hong Kong hip hop
Asian,Taiwanese hip hop
Asian,Taiwanese pop
Asian,Taiwanese rock
Asian,Anime song
Asian,Enka
Asian,J-pop
Asian,Japanese hip hop
Asian,Japanese jazz
Asian,Japanese rock
Asian,Kayōkyoku
Asian,K-pop
Asian,Korean folk music
Asian,Korean hip hop
Asian,Korean rock
Asian,Trot
Asian,Asian Underground
Asian,Baul
Asian,Bhangra
Asian,Bhawaiya
Asian,Dohori
Asian,Filmi
Asian,Indian classical
Asian,Carnatic
Asian,Hindustani classical
Asian,Indian jazz
Asian,Indian pop
Asian,Indian rock
Asian,Raga rock
Asian,Kuthu
Asian,Lavani
Asian,Morlam
Asian,Ragini
Asian,Sufi rock
Asian,Baila
Asian,Sri Lankan hip hop
Asian,Malaysian hip hop
Asian,Malaysian pop
Asian,Malaysian rock
Asian,Dangdut
Asian,Indo pop
Asian,Sundanese pop
Asian,Keroncong
Asian,Luk thung
Asian,Luk krung
Asian,Thai pop
Asian,Thai string pop
Asian,Manila sound
Asian,Original Pilipino
Asian,Pinoy pop
Asian,Pinoy rock
Asian,L-pop
Asian,Mor lam
Asian,V-pop
Asian,Arabic music
Asian,Arabic pop music
Asian,Fann at-Tanbura
Asian,Fijiri
Asian,Khaliji
Asian,Liwa
Asian,Music of Israel
Asian,Persian traditional music
Asian,Sawt
Asian,Music of Turkey
Asian,Turkish folk music
Asian,Gypsy music



Experimental,Experimental
Blues,Blues
Country,Country
Easy Listening,Easy Listening
Electronic,Electronic
Folk,Folk
Hip Hop,Hip Hop
Jazz,Jazz
Pop,Pop
R&B,R&B
Rock,Rock
Metal,Metal
Punk,Punk
African,African
Latin,Latin
Classical,Classical
Asian,Asian



Electronic,dance rock
Electronic,filter house
Electronic,neo-synthpop
Electronic,nu disco
Electronic,house
Metal,neo classical metal
Rock,album rock
Rock,classic canadian rock
Rock,mellow gold
Punk,long island punk
Rock,grand rapids indie
Hip Hop,chicago rap
Hip Hop,indie pop rap
Hip Hop,escape room
Experimental,j-ambient
Pop,pop dance
Asian,japanese alternative pop
Electronic,german techno
Latin,urban contemporary
Pop,dance pop
Hip Hop,gangster rap
Hip Hop,rap
Hip Hop,st louis rap
Rock,boston rock
Pop,jam band
Blues,motown
Country,mellow gold
Pop,brill building pop
Latin,brazilian techno
Electronic,dark techno
Electronic,deep minimal techno
Electronic,italian techno
Electronic,melodic techno
Jazz,jazz guitar
Folk,stomp and holler
Electronic,deep techno

Punk,neon pop punk
Jazz,philly soul
Pop,miami indie
Pop,roots americana
Country,southern americana
Pop,louisville indie
Pop,pov: indie
Folk,banjo
Folk,jamgrass
Folk,string band
Experimental,ambient country
Country,american primitive
Folk,drone folk
Classic,pastoral
Pop,tennessee experimental
Classical,pastoral
Jazz,indie jazz
Jazz,indie soul
R&B,neo r&b
Jazz,uk contemporary jazz
Pop,alternative americana
Folk,black americana
Electronic,chill lounge
Pop,new americana
Pop,shimmer pop
Pop,acoustic pop
Pop,boy band
Pop,post-teen pop
Pop,talent show
Classical,early romantic era
Classical,german romanticism
Pop,baltimore indie
Rock,swedish melodic rock
Classical,modern string quartet
Classical,string quartet
Metal,spectra
Pop,bubblegrunge
R&B,trap queen
Metal,melodic groove metal
Metal,progressive groove metal
Electronic,dark disco
Rock,oc indie
Country,midwest americana
Rock,athens indie
Rock,indie garage rock
Rock,indie surf
R&B,dirty south rap
R&B,hip pop
R&B,miami hip hop
Jazz,contemporary jazz
Jazz,contemporary post-bop
Rock,electric bass
Jazz,jazz double bass
Country,contemporary country
Country,country road
Rock,british alternative rock
Pop,solo wave
Pop,alt-idol
Rock,rock-and-roll
Electronic,filthstep
Electronic,gaming dubstep
Rock,sacramento indie
Electronic,jamtronica
Electronic,progressive electro house
Punk,black punk
Punk,diy emo
Punk,indie punk
Rock,pixie
Classical,classical performance
Classical,classical piano
Country,modern old-time
Country,old-time
Folk,old-time fiddle
Pop,merseybeat
Folk,classic schlager
Folk,volksmusik
Pop,swedish indie pop
Country,arkansas country
Pop,singer-songwriter pop
Pop,nashville indie
Country,nashville singer-songwriter
Rock,progressive post-hardcore
Rock,swancore
Blues,acoustic blues
Blues,modern blues
Blues,power blues-rock
Rock,modern folk rock
Pop,uk pop punk
Rock,instrumental surf
Rock,laboratorio
Rock,detroit indie
